Episode,Reward
9,254.60947189331054
19,103.02570991516113
29,479.73029432296755
39,182.13285751342772
49,1347.0509949684142
59,165.89405555725097
69,106.6172538280487
79,1132.161930847168
89,1642.8818496704102
99,544.6928109169006
109,1702.185245513916
119,488.8819805145264
129,2280.843983459473
139,4098.435604858399
149,8478.59563140869
159,2330.270805454254
169,3737.2892883300783
179,6391.309746932983
189,4520.958650970459
199,1946.1488128662108
209,2501.7216796875
219,3890.36796875
229,3949.81033782959
239,2368.8462097167967
249,3590.938757324219
259,4497.058312988282
269,3425.7081320762636
279,2419.101340484619
289,1877.9117059707642
299,1401.2616876125335
309,2714.3225860595703
319,3299.4181587219236
329,3805.345474243164
339,2644.9754627227785
349,2727.1950299739838
359,2994.6668014526367
369,1726.5896774291991
379,2350.8862182617186
389,3612.815221786499
399,4645.592303466797
409,4209.05528793335
419,1127.600045776367
429,647.6168395996094
439,1484.106381225586
449,2026.4566558837892
459,1614.901276397705
469,2353.598264312744
479,4193.384973144532
489,1669.001644897461
499,2412.766050720215
509,3218.9065368652346
519,2280.9795989990234
529,4260.931471252441
539,4056.0078857421877
549,1860.7815341949463
559,1322.5112985610963
569,2292.2877395629885
579,1830.8466110229492
589,3111.6248413085937
599,1342.3735397338867
609,2606.9219619750975
619,4367.1155456542965
629,4172.789172363281
639,5135.260546875
649,2509.552801513672
659,6524.845404815674
669,1921.2636428833007
679,462.7699314117432
689,936.4187088012695
699,1840.3885192871094
709,816.5308406829834
719,1033.369312286377
729,1150.5523278713226
739,3418.8190216064454
749,402.5900608539581
759,656.9851821899414
769,2112.5438079833984
779,2146.3096092224123
789,2069.9439346313475
799,1724.714467048645
